<?xml version="1.0" encoding="UTF-8" standalone="no"?>
<DATA>
  <Dimension>2</Dimension>
  <Function>(X[0]**2-X[1]**2)*m.exp(-(X[0]**2+X[1]**2)/2)</Function>
  <Gradient>
    <D1>X[0]*m.exp(-(X[0]**2+X[1]**2)/2)*(-X[0]**2+X[1]**2+2)</D1>
    <D2>X[1]*m.exp(-(X[0]**2+X[1]**2)/2)*(-X[0]**2+X[1]**2-2)</D2>
  </Gradient>
  <Hessian>
    <H11>m.exp(-(X[0]**2+X[1]**2)/2)*(X[0]**4-X[0]**2*(X[1]**2+5)+X[1]**2+2)</H11> 
    <H22>m.exp(-(X[0]**2+X[1]**2)/2)*(X[0]**2*(X[1]**2-1)-X[1]**4+5*X[1]**2-2)</H22>
    <H12>m.exp(-(X[0]**2+X[1]**2)/2)*(X[0]**2-X[1]**2)*(X[0]*X[1])</H12>
  </Hessian>
</DATA>