<?xml version="1.0" encoding="UTF-8" standalone="no"?>
<DATA>
  <Dimension>2</Dimension>
  <Function>(4*X[0]**2+X[1]**2)*m.exp(-X[0]**2-X[1]**2)</Function>
  <Gradient>
    <D1>8*X[0]*m.exp(-X[0]**2-X[1]**2)+(4*X[0]**2+X[1]**2)*m.exp(-X[0]**2-X[1]**2)*(-2*X[0])</D1>
    <D2>2*X[1]*m.exp(-X[0]**2-X[1]**2)+(4*X[1]**2+X[1]**2)*m.exp(-X[0]**2-X[1]**2)*(-2*X[1])</D2>
  </Gradient>
  <Hessian>
    <H11>m.exp(-X[0]**2-X[1]**2)*(16*X[0]**4+4*X[0]**2*(X[1]**2-10)-2*X[1]**2+8)</H11> 
    <H22>2*m.exp(-X[0]**2-X[1]**2)*(X[0]**2*(8*X[1]**2-4)+2*X[1]**4-5*X[1]**2+1)</H22>
    <H12>4*X[0]*X[1]*m.exp(-X[0]**2-X[1]**2)*(4*X[0]**2+X[1]**2-5)</H12>
  </Hessian>
</DATA>